<?xml version="1.0" encoding="utf-8"?>
<BindingInfo xmlns:xsi="http://www.w3.org/2001/XMLSchema-instance" xmlns:xsd="http://www.w3.org/2001/XMLSchema" Assembly="Microsoft.BizTalk.Deployment, Version=3.0.1.0, Culture=neutral, PublicKeyToken=31bf3856ad364e35" Version="3.5.1.0" BindingStatus="FullyBound" BoundEndpoints="2" TotalEndpoints="2">
  <Timestamp>2006-08-31T19:52:08.0501376+01:00</Timestamp>
  <ModuleRefCollection>
    <ModuleRef Name="[Application:BizTalk Application 1]" Version="" Culture="" PublicKeyToken="" FullName="[Application:BizTalk Application 1], Version=, Culture=, PublicKeyToken=">
      <Services />
      <TrackedSchemas>
        <Schema FullName="SequentialConvoyOrchestration.PropertySchema.PropertySchema" AssemblyQualifiedName="SequentialConvoyOrchestration.PropertySchema.PropertySchema,SequentialConvoyOrchestration, Version=1.0.0.0, Culture=neutral, PublicKeyToken=509738c310aa76ef" AlwaysTrackAllProperties="false">
          <TrackedPropertyNames />
        </Schema>
        <Schema FullName="SequentialConvoyOrchestration.FinancialTransactionSchema" AssemblyQualifiedName="SequentialConvoyOrchestration.FinancialTransactionSchema,SequentialConvoyOrchestration, Version=1.0.0.0, Culture=neutral, PublicKeyToken=509738c310aa76ef" AlwaysTrackAllProperties="false">
          <TrackedPropertyNames />
        </Schema>
      </TrackedSchemas>
    </ModuleRef>
    <ModuleRef Name="SequentialConvoyOrchestration" Version="1.0.0.0" Culture="neutral" PublicKeyToken="509738c310aa76ef" FullName="SequentialConvoyOrchestration, Version=1.0.0.0, Culture=neutral, PublicKeyToken=509738c310aa76ef">
      <Services>
        <Service Name="SequentialConvoyOrchestration.BasicSequentialConvoy" State="Started" TrackingOption="ServiceStartEnd MessageSendReceive OrchestrationEvents">
          <Ports>
            <Port Name="oprtReceiveOrderMessage" Modifier="2" BindingOption="1">
              <SendPortRef xsi:nil="true" />
              <DistributionListRef xsi:nil="true" />
              <ReceivePortRef Name="FinancialTransactionReceivePort" />
            </Port>
            <Port Name="oprtSendOrderMessage" Modifier="1" BindingOption="1">
              <SendPortRef Name="FinancialTransactionSendPort" />
              <DistributionListRef xsi:nil="true" />
              <ReceivePortRef xsi:nil="true" />
            </Port>
          </Ports>
          <Roles />
          <Host Name="BizTalkServerApplication" NTGroupName="BizTalk Application Users" Type="1" Trusted="false" />
        </Service>
      </Services>
      <TrackedSchemas />
    </ModuleRef>
  </ModuleRefCollection>
  <SendPortCollection>
    <SendPort Name="FinancialTransactionSendPort" IsStatic="true" IsTwoWay="false" BindingOption="1">
      <Description xsi:nil="true" />
      <TransmitPipeline Name="Microsoft.BizTalk.DefaultPipelines.XMLTransmit" FullyQualifiedName="Microsoft.BizTalk.DefaultPipelines.XMLTransmit, Microsoft.BizTalk.DefaultPipelines, Version=3.0.1.0, Culture=neutral, PublicKeyToken=31bf3856ad364e35" Type="2" TrackingOption="ServiceStartEnd MessageSendReceive PipelineEvents" Description="" />
      <PrimaryTransport>
        <Address>FORMATNAME:DIRECT=OS:.\PRIVATE$\TRANSACTIONOUT</Address>
        <TransportType Name="MSMQ" Capabilities="13579" ConfigurationClsid="ff5cee87-fd92-4422-b47d-f7d033311693" />
        <TransportTypeData>&lt;CustomProps&gt;&lt;AdapterConfig vt="8"&gt;&amp;lt;Config xmlns:xsi="http://www.w3.org/2001/XMLSchema-instance" xmlns:xsd="http://www.w3.org/2001/XMLSchema"&amp;gt;&amp;lt;queue&amp;gt;FORMATNAME:DIRECT=OS:.\PRIVATE$\TRANSACTIONOUT&amp;lt;/queue&amp;gt;&amp;lt;maximumMessageSize&amp;gt;1024&amp;lt;/maximumMessageSize&amp;gt;&amp;lt;acknowledgeType&amp;gt;None&amp;lt;/acknowledgeType&amp;gt;&amp;lt;timeOut&amp;gt;4&amp;lt;/timeOut&amp;gt;&amp;lt;priority&amp;gt;Normal&amp;lt;/priority&amp;gt;&amp;lt;recoverable&amp;gt;false&amp;lt;/recoverable&amp;gt;&amp;lt;encryptionAlgorithm&amp;gt;None&amp;lt;/encryptionAlgorithm&amp;gt;&amp;lt;useAuthentication&amp;gt;false&amp;lt;/useAuthentication&amp;gt;&amp;lt;segmentationSupport&amp;gt;false&amp;lt;/segmentationSupport&amp;gt;&amp;lt;transactional&amp;gt;true&amp;lt;/transactional&amp;gt;&amp;lt;useJournalQueue&amp;gt;false&amp;lt;/useJournalQueue&amp;gt;&amp;lt;useDeadLetterQueue&amp;gt;true&amp;lt;/useDeadLetterQueue&amp;gt;&amp;lt;ackTypeEnumsValue&amp;gt;0&amp;lt;/ackTypeEnumsValue&amp;gt;&amp;lt;timeOutUnits&amp;gt;Days&amp;lt;/timeOutUnits&amp;gt;&amp;lt;bodyType&amp;gt;8209&amp;lt;/bodyType&amp;gt;&amp;lt;uri&amp;gt;FORMATNAME:DIRECT=OS:.\PRIVATE$\TRANSACTIONOUT&amp;lt;/uri&amp;gt;&amp;lt;/Config&amp;gt;&lt;/AdapterConfig&gt;&lt;/CustomProps&gt;</TransportTypeData>
        <RetryCount>0</RetryCount>
        <RetryInterval>0</RetryInterval>
        <ServiceWindowEnabled>false</ServiceWindowEnabled>
        <FromTime>2006-08-28T23:00:00</FromTime>
        <ToTime>2006-08-29T22:59:59</ToTime>
        <Primary>true</Primary>
        <OrderedDelivery>true</OrderedDelivery>
        <DeliveryNotification>1</DeliveryNotification>
        <SendHandler Name="BizTalkServerApplication" HostTrusted="false">
          <TransportType Name="MSMQ" Capabilities="13579" ConfigurationClsid="ff5cee87-fd92-4422-b47d-f7d033311693" />
        </SendHandler>
      </PrimaryTransport>
      <SecondaryTransport>
        <Address />
        <RetryCount>3</RetryCount>
        <RetryInterval>5</RetryInterval>
        <ServiceWindowEnabled>false</ServiceWindowEnabled>
        <FromTime>2006-08-28T23:00:00</FromTime>
        <ToTime>2006-08-29T22:59:59</ToTime>
        <Primary>false</Primary>
        <OrderedDelivery>false</OrderedDelivery>
        <DeliveryNotification>1</DeliveryNotification>
        <SendHandler xsi:nil="true" />
      </SecondaryTransport>
      <ReceivePipelineData xsi:nil="true" />
      <Tracking>0</Tracking>
      <Filter />
      <Transforms />
      <OrderedDelivery>true</OrderedDelivery>
      <Priority>5</Priority>
      <StopSendingOnFailure>false</StopSendingOnFailure>
      <RouteFailedMessage>false</RouteFailedMessage>
      <ApplicationName>BizTalk Application 1</ApplicationName>
    </SendPort>
  </SendPortCollection>
  <DistributionListCollection />
  <ReceivePortCollection>
    <ReceivePort Name="FinancialTransactionReceivePort" IsTwoWay="false" BindingOption="1">
      <Description xsi:nil="true" />
      <ReceiveLocations>
        <ReceiveLocation Name="FinancialTransactionReceiveLocation">
          <Description xsi:nil="true" />
          <Address>FORMATNAME:DIRECT=OS:.\PRIVATE$\TRANSACTIONIN</Address>
          <PublicAddress />
          <Primary>true</Primary>
          <ReceiveLocationServiceWindowEnabled>false</ReceiveLocationServiceWindowEnabled>
          <ReceiveLocationFromTime>2006-08-28T23:00:00</ReceiveLocationFromTime>
          <ReceiveLocationToTime>2006-08-29T22:59:59</ReceiveLocationToTime>
          <ReceiveLocationStartDateEnabled>false</ReceiveLocationStartDateEnabled>
          <ReceiveLocationStartDate>2006-08-29T01:00:00</ReceiveLocationStartDate>
          <ReceiveLocationEndDateEnabled>false</ReceiveLocationEndDateEnabled>
          <ReceiveLocationEndDate>2006-08-30T01:00:00</ReceiveLocationEndDate>
          <ReceiveLocationTransportType Name="MSMQ" Capabilities="13579" ConfigurationClsid="ff5cee87-fd92-4422-b47d-f7d033311693" />
          <ReceiveLocationTransportTypeData>&lt;CustomProps&gt;&lt;AdapterConfig vt="8"&gt;&amp;lt;Config xmlns:xsi="http://www.w3.org/2001/XMLSchema-instance" xmlns:xsd="http://www.w3.org/2001/XMLSchema"&amp;gt;&amp;lt;queue&amp;gt;FORMATNAME:DIRECT=OS:.\PRIVATE$\TRANSACTIONIN&amp;lt;/queue&amp;gt;&amp;lt;batchSize&amp;gt;1&amp;lt;/batchSize&amp;gt;&amp;lt;transactional&amp;gt;true&amp;lt;/transactional&amp;gt;&amp;lt;serialProcessing&amp;gt;true&amp;lt;/serialProcessing&amp;gt;&amp;lt;onFailure&amp;gt;suspendResumable&amp;lt;/onFailure&amp;gt;&amp;lt;uri&amp;gt;FORMATNAME:DIRECT=OS:.\PRIVATE$\TRANSACTIONIN&amp;lt;/uri&amp;gt;&amp;lt;/Config&amp;gt;&lt;/AdapterConfig&gt;&lt;/CustomProps&gt;</ReceiveLocationTransportTypeData>
          <ReceivePipeline Name="Microsoft.BizTalk.DefaultPipelines.XMLReceive" FullyQualifiedName="Microsoft.BizTalk.DefaultPipelines.XMLReceive, Microsoft.BizTalk.DefaultPipelines, Version=3.0.1.0, Culture=neutral, PublicKeyToken=31bf3856ad364e35" Type="1" TrackingOption="ServiceStartEnd MessageSendReceive PipelineEvents" Description="" />
          <ReceivePipelineData xsi:nil="true" />
          <SendPipeline xsi:nil="true" />
          <SendPipelineData xsi:nil="true" />
          <Enable>true</Enable>
          <ReceiveHandler Name="BizTalkServerApplication" HostTrusted="false">
            <TransportType Name="MSMQ" Capabilities="13579" ConfigurationClsid="ff5cee87-fd92-4422-b47d-f7d033311693" />
          </ReceiveHandler>
        </ReceiveLocation>
      </ReceiveLocations>
      <SendPipelineData xsi:nil="true" />
      <Authentication>0</Authentication>
      <Tracking>0</Tracking>
      <Transforms />
      <RouteFailedMessage>false</RouteFailedMessage>
      <ApplicationName>BizTalk Application 1</ApplicationName>
    </ReceivePort>
  </ReceivePortCollection>
  <PartyCollection />
</BindingInfo>